Epoch,Train Loss,Val Loss,Train IoU,Val IoU
1,0.4873597568781801,0.417965048125812,0.03722651865919269,0.0677881016968054
2,0.40181096995523735,0.38302476704120636,0.03668092614504416,0.0725486502751412
