Epoch,Train Loss,Val Loss,Train IoU,Val IoU
1,0.4873597568781801,0.417965048125812,0.03722651865919269,0.0677881016968054
